{
    "MAE": 3847.236328125,
    "RMSE": 4568.009194386544,
    "R2": 0.17236173152923584
}